3466756,,,,,"ACICLOVIR 500MG FLACON INJ                        ","ACICLOV500FL"
3466710,,,,,"ACICLOVIR POMMADE 0.3% 5GR                        ","ACICOLVIRPDE"
5600696,,,,,"ACUITEL 20MG COMPRIME                             ","ACUITEL20CPE"
5600710,,,,,"ACUITEL 5MG COMPRIME                              ","ACUITEL5COMP"
3242175,,,,,"ACUPAN 20MG/2ML INJ BTE/5                         ","ACUPAN      "
3195286,,,,,"ADRENALINE 0.25MG/1ML INJ                         ","ADRENALI025 "
3195323,,,,,"ADRENALINE 1MG 1ML INJ BTE/10                     ","ADRENALINE1M"
6193537,,,,,"ALCOOL MODIFIEE 1LITRE                            ","ALCOOLMODIF "
5534568,,,,,"ALDACTAZINE 25MG/15MG CP BTE/100                  ","ALDACTAZINE "
5534574,,,,,"ALDACTONE 50MG COMP                               ","ALDACTONE50 "
5547789,,,,,"ALDACTONE 75MG COMP                               ","ALDACTONE75 "
3135798,,,,,"ALTIM SERINGUE                                    ","ALTIM       "
5595759,,,,,"AMIKACINE 500MG FL INJ(AMIKLIN)                   ","AMIKACINE   "
3331358,,,,,"AMLOR 5MG GELULE                                  ","AMLOR5MG    "
"365623.8        ",,,,,"AMOXI/ACCLAV1G/125MG SACHET(AUGMENTIN)            ","AMOXACCLAVUL"
5603588,,,,,"AMOXICILLINE 1G FL INJ(CLAMOXYL)                  ","AMOXICILINE1"
"360880.2        ",,,,,"AMOXICILLINE/AC CLAV 500MG/62.5 CP(AUGMENTIN)     ","AMOXACCLCOMP"
3557602,,,,,"ANEXATE 0.5MG / 5ML                               ","ANEXATE     "
3266135,,,,,"APRANAX 550MG CP BTE/16                           ","APRANAX     "
3189819,,,,,"ASPEGIC 1000MG SCHT/20                            ","ASPEGIC1000 "
3189363,,,,,"ASPEGIC 100MG SCHT/20                             ","ASPEGIC100  "
3261037,,,,,"ASPEGIC 1G FL INJ                                 ","ASPEGIC1G   "
3270361,,,,,"ASPEGIC 250MG SACHET                              ","ASPEGICSACH "
3122689,,,,,"ASPEGIC 500MG SCHT/20                             ","ASPEGIC500  "
3008120,,,,,"ATARAX 100ÙG CP BTE/30                            ","ATARAX100   "
3008137,,,,,"ATARAX 25MG CP BTE/30                             ","ATARAX25    "
6000616,,,,,"ATROPINE 0.25MG INJ                               ","ATROPINE025 "
60063,,,,,"ATROPINE 0.5MG INJ                                ","ATROPINE05  "
3227632,,,,,"ATROPINE COLLYRE OPHTADOSE 1%                     ","ATROPINECOLL"
5636990,,,,,"ATROVENT 0.5MG/2ML UNIDOSES PR INHALATION         ","ATROVENTUNID"
3331401,,,,,"AUGMENTIN 100MG / 12.5MG SIROP BUV ENFT           ","AUGM100MGFL "
5557776,,,,,"AUGMENTIN 1G INJ FL BTE/10                        ","AUGMENTIN1G "
5550047,,,,,"AUGMENTIN 2G/ FL INJ                              ","AUGMENTIN2G "
5557782,,,,,"AUGMENTIN 500MG INJ BTE/10                        ","AUGMENTIN500"
5571612,,,,,"BACTRIM 400MG/ 5ML AMP INJ                        ","BACTRIMINJ  "
5544354,,,,,"BACTRIM FORTE 800MG/ 160MG COMP                   ","BACTRIMCOMP "
3130536,,,,,"BACTRIM SUSPENSION BUVABLE FL DE 100 ML           ","BACTRIMSUSPE"
3272549,,,,,"BECILAN AMP INJ                                   ","BECILANAMP  "
5611091,,,,,"BERIPLAST KIT 1ML                                 ","BERIPLAST1ML"
5611116,,,,,"BERIPLAST KIT 3ML                                 ","BERIPLAST3ML"
5616444,,,,,"BETADINE ALCOOLIQUE 125ML                         ","BETADIALCOOL"
3149978,,,,,"BETADINE DERMIQUE 125ML                           ","BETADDER125 "
5523926,,,,,"BETADINE DERMIQUE 500ML                           ","BETADDERM500"
3010855,,,,,"BETADINE GYNECOLOGIQUE                            ","BETADIGYNE12"
5623094,,,,,"BETADINE OPHTAL 50ML                              ","BETADIOPHTAL"
3203100,,,,,"BETADINE OVULE                                    ","BETADIOVULE "
3010861,,,,,"BETADINE SCRUB 125ML ROUGE                        ","BETADISCR125"
5523895,,,,,"BETADINE SCRUB 500ML                              ","BETADISCR500"
3219408,,,,,"BETADINE TULLE 10 X 10                            ","BETADINETUL "
3011116,,,,,"BEVITINE 100MG AMP INJ(VIT B1)                    ","BEVITINE100 "
5589807,,,,,"BI PROFENID 150MG CP BTE/100                      ","BIPROFENID  "
3285701,,,,,"BIAFINE POMMADE TUBE DE 186G                      ","BIAFINEPDE  "
"B010798         ",,,,,"BICARBONATE DE SODIUM 1.4% 500ML                  ","HCO14500ML  "
"B010796         ",,,,,"BICARBONNATE DE NACL 4.2 250ML                    ","HCO14250ML  "
6302587,,,,,"BIFLEX ETALONNEE 10CM X 5M 16+                    ","BIFLEX10CM  "
3011843,,,,,"BIOGAZE 12 X 9 COMPRESSES                         ","BIOGAZE     "
"B236613         ",,,,,"BIONOLYTE G5 POCHE 1000ML                         ","BIONOG51000 "
"B236603         ",,,,,"BIONOLYTE G5 POCHE 500ML                          ","BIONOG5500  "
35951,,,,,"BIOPEG FL PLASTIQUE 1000ML                        ","BIOPEG      "
5566114,,,,,"BREVIBLOC 100MG/10ML INJ                          ","BREVIBLOC100"
3154005,,,,,"BRICANYL 0.5MG/ML INJ                             ","BRICANYL05MG"
5578324,,,,,"BRICANYL 5MG/2ML UNIDOSES PR AEROSOL              ","BRICANYLUNID"
0,,,,,"BRUMISATEUR EAU AEROSOL 400ML                     ","BRUMISATEURG"
5625046,,,,,"BUPIVACAINE 0.25% /20ML INJ BTE/10 (MARCAINE0.25) ","BUPIVACAINE "
5590408,,,,,"BUPIVACAINE 0.25% 20ML                            ","BUPIVACAINE2"
5590667,,,,,"BUPIVACAINE 0.25% ADRENALINE 20ML BTE DE 10       ","BUPIVAC25ADR"
5651311,,,,,"BUPIVACAINE 0.50% 20ML INJ BTE/10 (MARCAINE0.50)  ","BUPIVA50    "
5590733,,,,,"BUPIVACAINE ADRENALINEE 0.50% 20ML IJ(MARCAINE)   ","BUPIVA50AA  "
5606902,,,,,"BUPIVACAINE RACHIANESTHESIE 20ML INJ              ","BUPIVACRACHI"
5524334,,,,,"CALCIPARINE 0.5MG INJ BTE/10                      ","CALCIPARINE "
3524287,,,,,"CARBOCAINE 1% 20ML INJ/5                          ","CARBOCAINE1 "
3524293,,,,,"CARBOCAINE 2% / 20ML                              ","CARBOCAINE  "
208,,,,,"CARMINN D'INDIGO A 0.8%                           ","CARMININDIGO"
5521850,,,,,"CATAPRESSAN AMP INJ                               ","CATAPRESAMP "
5595529,,,,,"CATAPRESSAN COMPRIME                              ","CATAPRESCOMP"
3408871,,,,,"CEFAMANDOLE 750MG FL INJ                          ","CEFAMANDOL  "
3611313,,,,,"CEFATRIZINE 500MG GEL                             ","CEFATRIZINE "
5561401,,,,,"CEFAZOLINE 1G FL INJ                              ","CEFAZOLINE1 "
5610401,,,,,"CEFOTAXIME 1GR IV BTE/10                          ","CEFOTAXIME  "
5612819,,,,,"CEFOXITINE 1GR INJ/25                             ","CEFOXITINE  "
5629990,,,,,"CEFTRIAXONE 1G AVEC SET BTE/25                    ","CEFTRIAXONE "
5543308,,,,,"CELESTENE 4MG AMP INJ                             ","CELESTENE   "
5630444,,,,,"CELOCURINE 50MG / ML                              ","CELOCURINE  "
3565719,,,,,"CERNEVIT                                          ","CERNEVITINJE"
3021741,,,,,"CHIBROCADRON COLLYRE                              ","CHIBROCADRON"
3313225,,,,,"CHIBROXINE COLLYRE 0.3% 5ML                       ","CHIBROXINE  "
5657182,,,,,"CHIROCAINE AMP 10ML 5MG/ML PLAQ THERMOFORMEE STERI","CHIROCAINEAM"
9279096,,,,,"CHIROCAINE POCHE 1.25MG 200ML                     ","CHIROCAINEP "
5639304,,,,,"CHLORHEXIDINE ALCOOLIQUE 250ML VERTE              ","CHLORHEXIDIN"
3589111,,,,,"CIBACALCINE 0.25MG / 1ML                          ","CIBACAL025  "
3773753,,,,,"CILOXAN COLLYRE 0.3% 5ML                          ","CILOXANCOLLY"
"563968.1        ",,,,,"CIPROFLOXACINE 200MG POCHE INJ                    ","CIFLOX200INJ"
"564671.2        ",,,,,"CIPROFLOXACINE 500MG CP BTE/100                   ","CIFLOX500CPE"
3305496,,,,,"CLAMOXYL 1G COMP DISPERSIBLE                      ","CLAMOXYL1G  "
5557753,,,,,"CLAMOXYL 1G FL INJ                                ","CLAMO1GINJ  "
3211128,,,,,"CLAMOXYL 250MG SUSP BUV                           ","CLAMO250SUBU"
3158753,,,,,"CLAMOXYL 500MG GELULES                            ","CLAMOXYL500 "
3298916,,,,,"CLARITYNE COMP 10MG                               ","CLARITYNE   "
5589954,,,,,"CLAVENTIN 3G / 200ML FL INJ                       ","CLAVENTIN3G "
5890180,,,,,"CLOTTAGEN(FIBRINOGENE) 1.5G/100ML                 ","CLOTTAGEN   "
1111111,,,,,"CODENFANT SIROP ENFT                              ","CODENFANT   "
5517707,,,,,"COLIMYCINE 1M FL INJ                              ","COLIMYCINE1M"
3290808,,,,,"COLOPEG SACHET                                    ","COLOPEG     "
3025621,,,,,"CORAMINE GLUCOSE COMP                             ","CORAMINE    "
5590012,,,,,"CORDARONE 150MG INJ AMP/6                         ","CORDARONEINJ"
5566516,,,,,"CORVASAL 2MG CP BTE/100                           ","CORVASAL2MG "
5585312,,,,,"COVERSYL 2MG COMP                                 ","COVERSYL2MG "
5583348,,,,,"COVERSYL 4MG COMP                                 ","COVERSYL4MG "
5584520,,,,,"COZAAR 50MG COMP                                  ","COZAAR      "
3302693,,,,,"CREON 12000 UI GEL/100                            ","CREON12000UI"
3324795,,,,,"CREON 25000 UI GEL/60                             ","CREON25000UI"
"347.326.5       ",,,,,"DACRYOSERUM UNIDOSE BOITE DE 20                   ","DACRYO      "
3327581,,,,,"DAFALGAN CODEINE GELULE                           ","DAFALGANCODE"
3267904,,,,,"DAFALGAN GELULE 500MG                             ","DAFALGAN    "
3273655,,,,,"DAFALGAN SUPPO ADULTE                             ","DAFALGANSUPP"
5583354,,,,,"DAFLON 500MG CP BTE/100                           ","DAFLON500   "
3314526,,,,,"DAKIN 250ML SOLUTION STABILISEE                   ","DAKIN250ML  "
484820,,,,,"DAKIN KIT AES                                     ","DAKINKITAESA"
5619773,,,,,"DALACINE 600MG FL INJ                             ","DALACINE600 "
5548731,,,,,"DANTRIUM 20MG INJ                                 ","DANTRIUM20MG"
3028097,,,,,"DAONIL 5MG COMP                                   ","DAONIL5MG   "
3390467,,,,,"DEBRIDAT 100MG COMP                               ","DEBRIDATCOMP"
5533936,,,,,"DEBRIDAT 25MG / 5ML AMP INJ                       ","DEBRIDATAMPI"
"ADM12           ",,,,,"DERMABOND MINI COLLE A USAGE CUTANEE              ","DERMABONDMIN"
5608189,,,,,"DEROXAT 20MG COMP                                 ","DEROXAT20   "
5631260,,,,,"DI ANTALVIC GELULE                                ","DIANTALVIC  "
3200604,,,,,"DIAMICRON 80MG COMP                               ","DIAMICRON   "
5597770,,,,,"DIPRIVAN 1% SERINGUE PRE REMPLIE 50ML             ","DIPRIVAN1SER"
5638546,,,,,"DITROPAN COMP                                     ","DITROPAN    "
"563315-8        ",,,,,"DOBUTAMINE 250MG INJ BTE/10(DOBUTREX)             ","DOBUTAMINE  "
3266833,,,,,"DOGMATIL 50MG COMP                                ","DOGMATIL50  "
5556966,,,,,"DOPAMINE 200MG AMP INJ                            ","DOPAMINE200 "
5518291,,,,,"DOPAMINE 50MG AMP INJ                             ","DOPAMINE50  "
5556682,,,,,"DUPHALAC SACHET                                   ","DUPHALACSACH"
3336284,,,,,"EAU OXYGENEE 250ML FL PLASTIQUE                   ","O2250ML     "
"ACA1911         ",,,,,"EAU PPI 10ML BTE DE 100                           ","EAUPPI10ML  "
"ACA1912         ",,,,,"EAU PPI 20ML BTE 100                              ","EAUPPI20    "
30651,,,,,"EAU STERILE 250ML FLACON                          ","EAUFL250ML  "
7456111,,,,,"EAU STERILE BIDON DE 5L                           ","EAUSTERILE5L"
30671,,,,,"EAU STERILE FLACON DE 1000ML                      ","EAUFLAC1000 "
3437536,,,,,"ECONAZOLE CREME 30G                               ","ECONAZOLECRE"
3513378,,,,,"ECONAZOLE FLACON POUDREUR                         ","ECONAZOLEFLA"
3390579,,,,,"EFFERALGAN 150MG SUPPO J. ENFT                    ","EFFERAL150SU"
5622663,,,,,"EFFERALGAN 1G COMP EFFERV                         ","EFFERAL1G   "
3390585,,,,,"EFFERALGAN 300MG SUPPO G. ENFT.                   ","EFFERAL300SU"
3257001,,,,,"EFFERALGAN 500MG COMP EFFERV                      ","EFFERAL500CO"
5604702,,,,,"EFFERALGAN 500MG COMP SEC                         ","EFFERAL500CS"
3390533,,,,,"EFFERALGAN 80MG SUPPO NOURRISSON                  ","EFFERAL80SU "
5561269,,,,,"EFFERALGAN CODEINE COMP EFFERV                    ","EFFERALGANCO"
3519702,,,,,"EFFERALGAN PEDIATRIQUE SUSPENSION BUVABLE         ","EFFERPEDSUSP"
3236252,,,,,"ELASE POMMADE TUBE DE 20G                         ","ELASE       "
3482376,,,,,"ELUDRIL SOLUTION 90ML BAIN DE BOUCHE              ","ELUDRILSOL  "
5569360,,,,,"EMLA CREME 5%                                     ","EMLACREME   "
5588759,,,,,"EMLA PATCH                                        ","EMLAPATCH   "
3313716,,,,,"EOSINE 2% DOSETTE STERILE                         ","EOSINEDOSETT"
"B243981         ",,,,,"EPHEDRINE 3% AMP INJ                              ","EPHEDRINE3  "
3036895,,,,,"EQUANIL 400MG AMP INJ                             ","EQUANIL400AM"
5608172,,,,,"EQUANIL 400MG COMP                                ","EQUANIL400CP"
5575188,,,,,"ERYTHROMICINE 0.5G I.V                            ","ERYTHROMI05G"
5528059,,,,,"ERYTHROMYCINE 1GR I                               ","ERYTHROMYCIN"
5597787,,,,,"ESMERON 50MG/5ML SOL INJ                          ","ESMERON     "
3549100,,,,,"ETHER RECTIFIE 200ML FL.ALU                       ","ETHER500MLFL"
5614379,,,,,"ETOMIDATE LIPURO 2MG/ML                           ","ETOMIDATELIP"
3115755,,,,,"EXACYL 1G AMP BUVABLE                             ","EXACYL1GABUV"
3115761,,,,,"EXACYL 500MG AMP INJ                              ","EXACYL500AIN"
3118794,,,,,"FERO  GRAD COMP                                   ","FEROGRAD    "
3311568,,,,,"FLAGYL CP/14 500MG                                ","FLAGYLCP500M"
3207026,,,,,"FLAMMAZINE POMMADE TUBE DE 50G                    ","FLAMMAZINE  "
3782115,,,,,"FLUCONAZOLE 200MG/100ML INJ (TRIFLUCAN)           ","FLUCONAZOLE "
3257544,,,,,"FLUORESCEINE 0.5% OPHTADOSE                       ","FLUORESCEICO"
3203376,,,,,"FLUORESCEINE 10% AMP INJ                          ","FLUORESCEIAM"
3465946,,,,,"FONZYLANE 300MG CP                                ","FONZYLANE300"
5581817,,,,,"FONZYLANE 400MG POCHE                             ","FONZYLANEINJ"
3465969,,,,,"FONZYLANE 50MG / 5ML AMP INJ                      ","FONZYL50MGAM"
3389978,,,,,"FORLAX SACHET OU MOVICOL                          ","FORLAXSACHET"
5552796,,,,,"FORTUM 1GR IV                                     ","FORTUM      "
3293184,,,,,"FUCDINE CREME 2% 15G                              ","FUCIDINECREM"
3321928,,,,,"FUCIDINE 250MG CP BTE/10                          ","FUCIDINE250M"
5566611,,,,,"FUCIDINE 500 INJ                                  ","FUCIDINE500 "
3041703,,,,,"FUCIDINE POMMADE 2% 15G                           ","FUCIDINEPOMM"
5603329,,,,,"FUNGIZONE 50MG INJ BTE/1                          ","FUNGIZONEINJ"
3041867,,,,,"FUNGIZONE FL BUV 40ML BTE/1                       ","FUNGIZONEBUV"
5607391,,,,,"GAMMA OH 2G / 10ML                                ","GAMMAOH     "
3042536,,,,,"GARDENAL 100MG COMP                               ","GARDENAL100C"
3399698,,,,,"GARDENAL 200MG AMP INJ                            ","GARDENAL200A"
3309525,,,,,"GAVISCON SACHET BUV                               ","GAVISCONSACH"
250355,,,,,"GEL KY                                            ","GELKY       "
3565062,,,,,"GEL LARMES UNIDOSES BOITE DE 30                   ","GELLARMES   "
7690491,,,,,"GELASER UNIDOSE BOITE DE 5                        ","GELASERUNIDO"
3512031,,,,,"GENTAMICINE 40MG INJ BTE/10                       ","GENTAMICINE4"
3512048,,,,,"GENTAMICINE 80MG INJ BTE/10                       ","GENTAMICINE8"
600116,,,,,"GLUCONATE DE CALCIUM 10% AMP 10ML                 ","GLUCONATECA "
5592330,,,,,"GLUCOPHAGE 850MG COMP                             ","GLUCOPHAGE  "
"B244011         ",,,,,"GLUCOSE 30% AMP INJ                               ","G30AMPINJ   "
"B236784         ",,,,,"GLUCOSE 5% POCHE 1000ML                           ","G51000ML    "
"B285761         ",,,,,"GLUCOSE 5% POCHE 100ML                            ","G5100ML     "
"B285821         ",,,,,"GLUCOSE 5% POCHE 250ML                            ","G5250ML     "
"B236707         ",,,,,"GLUCOSE 5% POCHE 500ML                            ","G5500ML     "
3026916,,,,,"GLYCERINE SUPPOSITOIRE ADULTE                     ","GLYCERINESUP"
3212470,,,,,"GONIOSOL COLLYRE FL 10ML                          ","GONOSIOL    "
3047930,,,,,"HEMOCLAR POMMADE TUBE DE 30G                      ","HEMOCLAR    "
5524363,,,,,"HEPARINE CHOAY 25000UI 5ML INJ BTE/10             ","HEPARINE    "
5524386,,,,,"HEPARINE CHOAY 5000UI INJ 1ML BTE/20              ","HEPARINE5000"
5579401,,,,,"HEPT A MYL COMP                                   ","HEPTAMYL    "
3378727,,,,,"HIBIDIL DOSETTE 15ML                              ","HIBIDILDOSET"
3209143,,,,,"HIBISCRUB 500ML FL                                ","HIBISCRUB500"
3288533,,,,,"HIBISPRINT 500ML                                  ","HIBISPRINT  "
5508312,,,,,"HIBITANE CHAMP 500ML                              ","HIBITANECHAM"
6064768,,,,,"HUILE DE PARAFINE FL DE 1 LITRE                   ","HUILEPARAFIN"
5799,,,,,"HUILE DE SOINS RIVADIS SPRAY 50ML                 ","HUILERIVADIS"
3051558,,,,,"HYDROCORTANCYL INJECTABLE 125MG-5ML               ","HYDROCORTANC"
3214115,,,,,"HYDROCORTISONE 100MG INJ                          ","HYDRO100MG  "
3214109,,,,,"HYDROCORTISONE 500MG INJ                          ","HYDRO500    "
5606919,,,,,"HYPNOMIDATE 2MG / ML AMP INJ                      ","HYPNOMIDATE2"
3188607,,,,,"IMODIUM GEL BTE/20                                ","IMODIUM     "
3274206,,,,,"IMOVANE COMP 7.5MG                                ","IMOVANECOMP "
5606730,,,,,"INDOCOLLYRE UNIDOSE                               ","INDOCOLLYRE "
564511,,,,,"INDUCTOS 12 MG KIT                                ","INDUCTOS12MG"
3644407,,,,,"INEXIUM 40 MG IV BOITE DE 10                      ","INEXIUM40INJ"
5268292,,,,,"INEXIUM 40MG BOITE DE 50 CP                       ","INEXIUM40MGC"
5628281,,,,,"INEXIUM20MG BOITE DE 50 CP                        ","INEXIUM20MGC"
3548046,,,,,"INSUMAN RAID OPTISET 100UI/ML 3ML BTE DE 5 STYLOS ","INSACTRAPID "
5529739,,,,,"ISUPREL 0.2MG AMP INJ                             ","ISUPREL2MGAM"
5636062,,,,,"IXPRIM 3.5MG/325MG CP BTE 60CP                    ","IXPRIM3MG5  "
3526323,,,,,"KABIVEN 1600                                      ","KABIVEN1600 "
3321733,,,,,"KALEORID LP 600MG COMP                            ","KALEORIDLP  "
3324737,,,,,"KARDEGIC 160MG SCHT/20                            ","KARDEGIC160 "
3322655,,,,,"KARDEGIC 300MG SCHT/20                            ","KARDEGIC300 "
3474419,,,,,"KARDEGIC 75MG SCHT /20                            ","KARDEGIC75  "
5621072,,,,,"KASKADIL 500UI / 20ML                             ","KASKADIL500 "
3235086,,,,,"KAYEXALATE PDRE / P /SUSP BUV                     ","KAYEXALATE  "
"ACA1831         ",,,,,"KCL 10% AMP INJ                                   ","KCLAMP      "
55562694,,,,,"KETAMINE AMP INJ                                  ","KETAMINE    "
3544479,,,,,"LANSOYL DOSE 15GR BTE/220                         ","LANSOYL     "
3272242,,,,,"LARGACTIL 25MG / 5ML AMP                          ","LARGACTILINJ"
3057325,,,,,"LAROXYL GTTE 4%                                   ","LAROXYLGGTE "
5592152,,,,,"LASILIX 20MG AMP INJ                              ","LASILIX20AMP"
3213908,,,,,"LASILIX 250MG AMP INJ SPECIALE                    ","LASILIX250AM"
5531937,,,,,"LASILIX 40MG COMP                                 ","LASILIX40   "
3213914,,,,,"LASILIX 500MG COMP SPECIAL                        ","LASILIX500CP"
5566539,,,,,"LASILIX FAIBLE 20MG COMP                          ","LASILIX20COM"
3253859,,,,,"LEVOTHYROX 100µG COMP                             ","LEVOTHY100  "
3490878,,,,,"LEVOTHYROX 125µG COMP                             ","LEVOTHY125  "
3304284,,,,,"LEVOTHYROX 25µG COMP                              ","LEVOTHY25   "
3237197,,,,,"LEVOTHYROX 50µG COMP                              ","LEVOTHY50   "
3500714,,,,,"LEVOTHYROX 75µG COMP                              ","LEVOTHY75   "
5619537,,,,,"LEXOMIL 6MG COMP                                  ","LEXOMILCOMPL"
3268364,,,,,"LOPRIL 25MG COMP                                  ","LOPRIL25MG  "
3268359,,,,,"LOPRIL 50MG COMP                                  ","LOPRIL50MG  "
3360621,,,,,"LOVENOX 10000UI/1ML                               ","LOVENOX1000U"
3343516,,,,,"LOVENOX 2000UI/0.2ML                              ","LOVENOX2000U"
3343522,,,,,"LOVENOX 4000UI/0.4ML                              ","LOVENOX4000U"
3360584,,,,,"LOVENOX 6000UI/0.6ML                              ","LOVENOX6000U"
3311077,,,,,"LOXEN 10MG AMP INJ                                ","LOXEN10MG   "
3278173,,,,,"LOXEN 20MG COMP                                   ","LOXEN20MG   "
3295510,,,,,"LOXEN LP 50MG COMP                                ","LOXEN50MGLP "
3063768,,,,,"LYSOPAINE COMP A SUCER                            ","LYSOPAINECPE"
3064093,,,,,"MADECASSOL POMMADE TUBE DE 10G                    ","MADECASSOLPD"
"B009398         ",,,,,"MANNITOL 10% 500ML                                ","MANITOL10   "
"B009399         ",,,,,"MANNITOL 20% 500ML                                ","MANNITOL20  "
3065253,,,,,"MAXIDROL COLLYRE 3ML                              ","MAXIDROL    "
4102,,,,,"MECHE IODOFORMEE  GAZE 0.02 X 5CM                 ","MECHIODO2CM "
105,,,,,"MECHE IODOFORMEE GAZE 0.05 X 5M                   ","MECHIODO005 "
961805,,,,,"MECHE MICKULIZ                                    ","MECHEMICKULI"
5568202,,,,,"MEDROL 16MG COMP                                  ","MEDROL16    "
5539465,,,,,"MEDROL 4MG COMP                                   ","MEDROL4MG   "
5590058,,,,,"MEPRONIZINE COMP                                  ","MEPRONIZINE "
3535635,,,,,"MERCRYL SOLUTION MOUSSANTE 1000ML                 ","MERCRYL     "
5630740,,,,,"METRONIDAZOLE FL 100ML 0.5%                       ","METRONIDAZOL"
5620724,,,,,"MICROLAX GEL RECTAL ADULTE                        ","MICROLAX    "
5652196,,,,,"MIDAZOLAM 5MG/1ML IV BTE/10(HYPNOVEL)             ","MIDAZOLAM1ML"
5652167,,,,,"MIDAZOLAM 5MG/5ML INJ   (HYPNOVEL)                ","MIDAZOLAM5ML"
3366291,,,,,"MINI SINTROM CP BTE/20                            ","MINISINTRON "
3366291,,,,,"MINIRIN 4MCG/ML                                   ","MINIRIN     "
5616059,,,,,"MIOCHOLE 20MG 2ML SOL INTRA OCULAIRE              ","MIOCHOLESOLI"
3506237,,,,,"MITOSYL POMMADE TUBE DE 65G                       ","MITOSYLPDE  "
5583101,,,,,"MIVACRON 20MG / 10ML                              ","MIVACRON    "
3234112,,,,,"MOTILIUM CP/40                                    ","MOTILIUMCP  "
3234098,,,,,"MOTILIUM SIROP 1MG / 1ML / FL 200ML               ","MOTILIUMSIRO"
3268832,,,,,"MUCOMYST SACHET 200MG                             ","MUCOMYSTSACH"
"380263-9        ",,,,,"MUCOMYSTENDO 1G/5ML SOL POUR INSTILLATION ENDO    ","MUCOMYSTENDO"
3537290,,,,,"MYDRIASERT INSERT OPHTAL                          ","MYDRIASERT  "
3069498,,,,,"MYDRIATICUM COLLYRE FL 10                         ","MYDRIATICUM "
5889983,,,,,"MYOLASTAN COMP 50MG                               ","MYOLASTAN   "
"ACA1901         ",,,,,"NACL 0.9% AMP 10ML                                ","NACL910ML   "
"ACA1902         ",,,,,"NACL 0.9% AMP 20ML                                ","NACL920ML   "
"B236798         ",,,,,"NACL 0.9% POCHE 1000ML                            ","NACL091000ML"
"B285811         ",,,,,"NACL 0.9% POCHE 100ML                             ","NACL09100ML "
"B285831         ",,,,,"NACL 0.9% POCHE 250ML                             ","NACL09250ML "
"B236797         ",,,,,"NACL 0.9% POCHE 500ML                             ","NACL09500ML "
"ACA1871         ",,,,,"NACL 10% 10ML BTE/20                              ","CHLNACL10   "
"ACA1881         ",,,,,"NACL 20% AMP 10ML                                 ","NACL2010ML  "
"B235522         ",,,,,"NACL 2000ML INJECTABLE                            ","NACL2000MLIN"
"B285091         ",,,,,"NACL 3000ML IRRIGATION                            ","NACL3000MLIR"
3291469,,,,,"NARCAN AMP 1ML                                    ","NARCAN4MG   "
5599361,,,,,"NAROPEINE 10MG_ML 10 ML                           ","NAROPEINE10M"
5599220,,,,,"NAROPEINE 2MG / ML BTE DE 5 AMP                   ","NAROPEI2    "
5600093,,,,,"NAROPEINE 400MG / 200ML                           ","NAROPEI400  "
5599272,,,,,"NAROPEINE 7.5MG / 20ML BTE DE 5 AMP               ","NAROPEI75   "
3231438,,,,,"NEOSYNEPHRINE 10% OPHTADOSE                       ","NEOSYNEFRINE"
3318665,,,,,"NIFLUGEL GEL TUBE 60 GR                           ","NIFLUGEL    "
5597238,,,,,"NIFLURIL 250MG GELULE                             ","NIFLURIL250 "
3188636,,,,,"NIFLURIL 400MG SUPPO ENFT                         ","NIFL400MGSU "
3132133,,,,,"NIFLURIL 700MG SUPPO ADULTE                       ","NIFLU700SU  "
3116162,,,,,"NIFLURIL POMMADE TUBE DE 60G                      ","NIFLUPDE    "
5595357,,,,,"NIMBEX 10MG / 5ML AMP INJ                         ","NIMBEX10MG  "
5595363,,,,,"NIMBEX 5MG : 2.05ML AMP INJ                       ","NIMBEX5MG   "
5609361,,,,,"NORADRENALINE 5MG / 4ML AMP INJ                   ","NOADRENAL8MG"
3130737,,,,,"NORMACOL LAVEMENT ADULTE FL 130ML                 ","NORMACOLAD  "
3130743,,,,,"NORMACOL LAVEMENT ENFANT                          ","NORMALAVENFT"
5564836,,,,,"NOROXINE 400MG COMP                               ","NOROXINECPE "
3475749,,,,,"NUBAIN / NALBUPHINE 20MG / 2ML AMP INJ            ","NUBAIN      "
3398635,,,,,"OFLOCET AURICULAIRE 1.5MG / 0.5ML                 ","OFLOAURICUL "
5568314,,,,,"ONDANSETRON 4MG/2ML (ZOPHREN)                     ","ZOPHREN4INJ "
5564865,,,,,"ORBENINE 1G FL INJ                                ","ORBENINE1GIN"
3193933,,,,,"ORBENINE 500MG GELULES                            ","ORBENINE500 "
3331424,,,,,"ORELOX 100MG CP BTE/10                            ","ORELOXCP    "
3313113,,,,,"OROKEN 200MG CP BTE/8                             ","OROKEN      "
5580143,,,,,"OXYBUPROCAINE OPHTADOSE 0.4%/ NOVESINE            ","OXUBUPROCAIN"
5557894,,,,,"PENTHOTAL 500MG INJ                               ","PENTHOTAL   "
5630591,,,,,"PERFALGAN 10MG / 10ML                             ","PERFALGAN10 "
5636240,,,,,"PERFALGAN 10MG / 50ML SOL ENFT                    ","PERFALGAN50 "
3553509,,,,,"PERIKABIVEN 1200                                  ","PERIKABI1200"
3241968,,,,,"PILOCARPINE 2% OPHTADODE                          ","PILOCARPINE2"
3812939,,,,,"PIPERACILLINE 4G/500MG(TAZOCILLINE)               ","TAZO4GFLINJ "
5545483,,,,,"PIPRAM FORT COMP 400MG                            ","PIPRAMCOMP  "
3479463,,,,,"PLAVIX 75MG CP BTE/50                             ","PLAVIX      "
3224148,,,,,"PLITICAN AMP INJ                                  ","PLITICANAMP "
3348473,,,,,"PREVISCAN 20MG COMP                               ","PREVISCANCOM"
5566574,,,,,"PRIMPERAN 10MG CP/150                             ","PRIMPERANCP "
3279161,,,,,"PRIMPERAN 10MG INJ/12                             ","PRIMPERANINJ"
3231792,,,,,"PRIMPERAN 10MG SUPPO/10                           ","PRIMPERAN   "
3231800,,,,,"PRIMPERAN 20MG SUPPO/10                           ","PRIMPERANSUP"
3086143,,,,,"PRIMPERAN SOL BUV                                 ","PRIMPERANSIR"
5574668,,,,,"PROFENID 100MG SOL INJ                            ","PROFENIDINJ "
3179293,,,,,"PROFENID 100MG SUPPOSITOIRE                       ","PROFENIDSUPO"
5609993,,,,,"PROPOFOL 20ML AMP INJ(DIPRIVAN)                   ","DIPRIVANAMP "
3087036,,,,,"PROSTIGMINE AMP INJ 0.5MG                         ","PROSTIGMINEA"
3101173,,,,,"PROTAMINE 10000 UAH / 10ML                        ","PROTAMINE   "
3140724,,,,,"PROTOLOG CREME TUBE DE 20G                        ","PROTOLOGCREM"
5562843,,,,,"PROZAC COMP                                       ","PROZACCOMP  "
3372713,,,,,"PULMICORT 0.5MG / 2ML UNIDOSE                     ","PULMI05MG   "
3373569,,,,,"PULMICORT 1MG / 2ML UNIDOSE                       ","PULMI1MG    "
5583325,,,,,"PYOSTACINE 500MG CP BTE/100                       ","PYOSTACINE  "
3263728,,,,,"RANIPLEX 150MG COMP                               ","RANIPLEX150 "
3272940,,,,,"RANIPLEX 50MG AMP INJ                             ","RANIPLEX50  "
5568171,,,,,"RENITEC 5MG COMP                                  ","RENITEC5MG  "
3090920,,,,,"RHINATHIOL SIROP ADULTE                           ","RHINATADULTE"
3090937,,,,,"RHINATHIOL SIROP ENFANT                           ","RHINAENFT   "
"B236704         ",,,,,"RINGER LACTATE POCHE 500ML                        ","RINGER      "
5557925,,,,,"RISORDAN 10MG / 10ML AMP INJ                      ","RISORD10AMP "
3153968,,,,,"RIVOTRIL 2MG COMP                                 ","RIVOTRILCOMP"
3170524,,,,,"RIVOTRIL GTTE BUV                                 ","RIVOTRILGTTE"
5550739,,,,,"ROHYPNOL COMP 1MG                                 ","ROHYPNOLCPE "
9274584,,,,,"SALBUTAMOL 5MG/2.5ML UNIDOSE MERCK                ","SALBUTAMOLUN"
5531506,,,,,"SALBUTAMOL FORT 5MG/ 5ML                          ","SALBUTAMOL  "
5533706,,,,,"SERESTA 50MG COMP                                 ","SERESTA50CP "
3326216,,,,,"SERMION 10MG GELULE                               ","SERMION10GEL"
3170642,,,,,"SERMION 5MG LYOC COMP                             ","SERMION5LYOC"
5607563,,,,,"SEROPRAM 20 MG COMPRIMES                          ","SEROPRAMCOMP"
5588771,,,,,"SEVORANE FL / 250ML                               ","SEVORANE    "
3356430,,,,,"SINTRON 4MG CP BTE/30                             ","SINTRON4MG  "
3130418,,,,,"SIROP POTASSIUM 3%                                ","SIROPK      "
3192313,,,,,"SMECTA SACHET BUV                                 ","SMECTASACHET"
3252245,,,,,"SOLUDACTONE 100MG AMP INJ                         ","SOLUDACTONE1"
3252251,,,,,"SOLUDACTONE 200MG INJ                             ","SOLUDACTONE2"
5586536,,,,,"SOLUMEDROL 120MG FL INJ                           ","SOLU120MG   "
5586482,,,,,"SOLUMEDROL 20MG FL INJ                            ","SOLU20MG    "
5586507,,,,,"SOLUMEDROL 40MG FL INJ                            ","SOLU40MG    "
7502549,,,,,"SONDALIS FIBRES FLEX 500ML                        ","SONDALFIBRE "
7502526,,,,,"SONDALIS H.P. FLEX 500ML                          ","SONDAHPFLEX "
7502495,,,,,"SONDALIS ISO FLEX 500ML                           ","SONDAISOFLEX"
3098169,,,,,"SORBITOL SACHET                                   ","SORBITOLSACH"
3098583,,,,,"SPASFON AMP INJ 4ML                               ","SPASFONAMP  "
3098608,,,,,"SPASFON COMP 80MG                                 ","SPASFCOMP80 "
3186301,,,,,"SPASFON LYOC COMP                                 ","SPASFOLYOC  "
3098614,,,,,"SPASFON SUPPOSITOIRE/10                           ","SPASFONSUPPO"
5583360,,,,,"STABLON 12.5MG COMPRIMES                          ","STABLONCOMP "
3138414,,,,,"STERDEX CAPSULE STERILE                           ","STERDEX     "
5631320,,,,,"STILNOX COMP                                      ","STILNOX     "
5607327,,,,,"STREPTASE 0.25M UI LYOPPHILISAT INJ.              ","STREPTASE250"
5649053,,,,,"SUFENTANIL 50MUG/10ML                             ","SUFENTANIL50"
60011,,,,,"SULFATE DE MAGNESIUM 15% / 10ML                   ","SULFMAGNE10 "
3304919,,,,,"SURBRONC AMPOULE INJ 15MG/ 2ML                    ","SURBRONCAMP "
3274092,,,,,"SURBRONC SIROP                                    ","SURBRONCSIRO"
3102590,,,,,"SYNACTHENE RETARD AMP INJ                         ","SYNACTHEAMP "
5514910,,,,,"SYNTOCINON 5 UI AMP INJ                           ","SYNTOCINON  "
"6010G           ",,,,,"SYSTHEME DE LAVEMENT 1.5L                         ","SYSTHLAVE15 "
3384573,,,,,"TANGANIL COMP                                     ","TANGANIL    "
5560554,,,,,"TARGOCID 200MG FL INJ                             ","TARGOCID200 "
5619046,,,,,"TAVANIC 500MG COMP                                ","TAVANIC500CP"
5619000,,,,,"TAVANIC 500MG FL INJ                              ","TAVANIC500MG"
3171601,,,,,"TELEBRIX 12 SODIUM                                ","TELEBRIX12  "
3274815,,,,,"TELEBRIX GASTRO 100ML                             ","TELEBRIXGAST"
5603476,,,,,"TELEBRIX MEGLUMINE 30 ML                          ","TELEBRIXMEGL"
3574693,,,,,"TEMESTA 1MG COMP                                  ","TEMESTA1MG  "
3148996,,,,,"TEMESTA 2.5MG COMP                                ","TEMESTA2COMP"
3273106,,,,,"TEMGESIC AMP INJ                                  ","TEMGESICAMP "
3295295,,,,,"TEMGESIC COMP 0.2MG                               ","TEMGESICCOMP"
3299956,,,,,"TENORDATE 20MG COMP                               ","TENORDATE   "
5591796,,,,,"TENORMINE 100MG COMP                              ","TENORMINE100"
5608054,,,,,"TENORMINE 50MG COMP                               ","TENORMIN50MG"
3274838,,,,,"TENORMINE IV 5MG/10ML BTE/5                       ","TENORMINEIV "
3216137,,,,,"TETRACAINE OPHTADOSE                              ","TETRACAINE  "
3174255,,,,,"TIAPRIDAL AMP INJ                                 ","TIAPRDIALINJ"
5566580,,,,,"TIAPRIDAL COMP 100MG                              ","TIAPRIDALCPE"
5567817,,,,,"TIAPRIDE AMP INJ 100MG                            ","TIAPRIDEAMP "
5571670,,,,,"TIBERAL 1GR INJ BTE/12                            ","TIBERAL1GR  "
5573462,,,,,"TIBERAL 500MG CP BTE/50                           ","TIBERAL500MG"
9187218,,,,,"TIENAM MONOVIAL 500 IV BTE/10                     ","TIENAM500   "
3224295,,,,,"TIMOPTOL 0.5% COLLYRE FL/ 3ML                     ","TIMOPTOL    "
3280543,,,,,"TOBREX COLLYRE FL/ 5ML                            ","TOBREXCOLLYR"
3280537,,,,,"TOBREX POMMADE OPHTALMIQUE TUBE DE 5G             ","TOBREXPDEOPH"
5588819,,,,,"TOPALGIC 100MG AMP INJ                            ","TOPALGICAMP "
5588788,,,,,"TOPALGIC 50MG GELULES                             ","TOPALGIC50GE"
3254451,,,,,"TOPLEXIL SIROP 150ML                              ","TOPLEXIL    "
3540168,,,,,"TRACITRANS SOL INJ AMP                            ","TRACITRANS  "
5651179,,,,,"TRACRIUM 25MG / 2.5ML AMP INJ                     ","TRACRIUM25MG"
5651185,,,,,"TRACRIUM 50MG / 5ML                               ","TRACRIUM    "
5524943,,,,,"TRANDATE 100MG AMP INJ                            ","TRANDATEAMP "
5590035,,,,,"TRANXENE 10MG COMP                                ","TRANXENE10CP"
5540936,,,,,"TRANXENE 20MG AMP INJ                             ","TRANXENE20AM"
5591885,,,,,"TRANXENE 50MG AMP INJ                             ","TRANXENE50AM"
55590029,,,,,"TRANXENE 5MG COMP                                 ","TRANXENE5CP "
5572221,,,,,"TRASYLOL SOL.INJ.50ML                             ","TRASYLOL    "
5565215,,,,,"TRIATEC 2.5MG COMP                                ","TRIATEC2    "
5565238,,,,,"TRIATEC 5MG COMP                                  ","TRAITEC5    "
3380730,,,,,"TRINIPATCH 10MG                                   ","TRINIP10MG  "
3280724,,,,,"TRINIPATCH 5MG                                    ","TRINIPA5MG  "
3189110,,,,,"TRIVASTAL 50MG RETARD CP                          ","TRIVASTAL50 "
3108726,,,,,"TRONOTHANE GEL 30GR                               ","TRONOTHANE  "
3397908,,,,,"TROPICAMINE OPHATDOSE / MYDRIATICUM               ","TROPICAMIDE "
3142344,,,,,"TULLE GRAS 10 X 10                                ","TULLEGRAS   "
3294290,,,,,"TULLE GRAS 20 X 20                                ","TULLEGRAS20 "
3328391,,,,,"ULCAR SACHET BUV                                  ","ULCARSACHET "
5524541,,,,,"ULTRALEVURE GELULES BTE/200                       ","ULTRALEVURE "
508299,,,,,"URGOTUL DUO BTE/10 10X12                          ","URGOTULDUO  "
501264,,,,,"URGOTUL PANSEMENTS 10X10                          ","PANSINTERACT"
7673311,,,,,"URGOTUL S.AG PANS 10X12 BTE/10                    ","URGOTULSAG  "
3359629,,,,,"VADILEX 20MG COMP                                 ","VADILEX20COM"
0,,,,,"VALIUM 10MG AMP INJ                               ","VALIUMAMP   "
5544383,,,,,"VALIUM 10MG COMP                                  ","VALIUMCPE   "
3111303,,,,,"VALIUM GTTE BUVABLE 20ML                          ","VALIUMGTTE  "
5625957,,,,,"VANCOMYCINE 500MG INJ BT DE 1                     ","VANCOMYCINE "
7827228,,,,,"VASELINE POMMADE TUBE DE 50G                      ","VASELINE    "
3220512,,,,,"VASTAREL 20MG CP/100                              ","VASTAREL20MG"
3299293,,,,,"VENTOLINE 50MG / 10ML SOL AEROSOL                 ","VENTO50MG   "
3443873,,,,,"VENTOLINE SPRAY AEROSOL 200 DOSES                 ","VENTOLINESPR"
2367030,,,,,"VESSIE DE GLACE DIAM28                            ","VESSIEGLACE "
5644699,,,,,"VIALEBEX 20% 100ML                                ","ALBUMINE    "
3371493,,,,,"VITABACT OPHTADOSE                                ","VITABACT    "
3113443,,,,,"VITAMINE A POMMADE OPHTALMIQUE TUBE DE 10G        ","VITAPDEOPHAT"
5533089,,,,,"VITAMINE B1 / B6                                  ","VITB1B6     "
3171050,,,,,"VITAMINE B12 AMP INJ 2ML                          ","VITB12INJ   "
3295680,,,,,"VITAMINE B12 COMP                                 ","VITB12      "
5612417,,,,,"VITAMINE K1 AMP INJ 10MG/1ML                      ","VITK1AMPINJ "
"B223058         ",,,,,"VOLUVEN POCHE 500ML                               ","VOLUVEN     "
5542183,,,,,"XANAX 0.25MG COMP                                 ","XANAX25MGCOM"
5542208,,,,,"XANAX 0.50MG COMP                                 ","XANAX50MGCOM"
3301601,,,,,"XATRAL 2.5MG COMP                                 ","XATRAL2MGCOM"
3239776,,,,,"XPREP SACHET                                      ","XPREP       "
5516595,,,,,"XYLOCAINE 1% ADRENALINEE FL 20ML                  ","XYLOCAINE1AA"
5516582,,,,,"XYLOCAINE 1% FL 20ML                              ","XYLOCAINE1  "
5516576,,,,,"XYLOCAINE 2% ADRENALINE FL 20ML                   ","XYLOCAINE2AA"
5600673,,,,,"XYLOCAINE 2% FL 20ML                              ","XYLOCAINE2  "
5516435,,,,,"XYLOCAINE 5% NAPHTAZOLINE 24ML                    ","XYLOCAINE5NA"
5557888,,,,,"XYLOCAINE 5% NEBULISEUR CANULE LONGUE             ","XYLOCAINE5NE"
5584796,,,,,"XYLOCAINE GEL URETRAL 2% 15GR                     ","XYLOCAINEGEL"
5516458,,,,,"XYLOCAINE VISQUEUSE 100 GR                        ","XYLOCAINEVIS"
3585053,,,,,"XYZALL COMPRIMES 5 MG BT 28                       ","XYZALLCOMPRI"
5591810,,,,,"ZESTRIL 20MG COMP                                 ","ZESTRIL20   "
5591827,,,,,"ZESTRIL 5MG COMP                                  ","ZESTRIL5    "
3312148,,,,,"ZINNAT 250MG COMP                                 ","ZINNAT250MG "
3439475,,,,,"ZOPHREN 4MG LYOC BTE/10                           ","ZOPHREN4MG  "
3353911,,,,,"ZOPHREN 8MG CP BTE/8                              ","ZOPHREN8MG  "
5568320,,,,,"ZOPHREN 8MG INJ BTE/5                             ","ZOPHREN8INJ "
3115554,,,,,"ZYLORIC 100MG COMP                                ","ZYLORIC100  "
5600733,,,,,"ZYLORIC 200MG COMP                                ","ZYLORIC200  "
